{
    "010": "DONOMULYO",
    "020": "KALIPARE",
    "030": "PAGAK",
    "040": "BANTUR",
    "050": "GEDANGAN",
    "060": "SUMBERMANJING",
    "070": "DAMPIT",
    "080": "TIRTO YUDO",
    "090": "AMPELGADING",
    "100": "PONCOKUSUMO",
    "110": "WAJAK",
    "120": "TUREN",
    "130": "BULULAWANG",
    "140": "GONDANGLEGI",
    "150": "PAGELARAN",
    "160": "KEPANJEN",
    "170": "SUMBER PUCUNG",
    "180": "KROMENGAN",
    "190": "NGAJUM",
    "200": "WONOSARI",
    "210": "WAGIR",
    "220": "PAKISAJI",
    "230": "TAJINAN",
    "240": "TUMPANG",
    "250": "PAKIS",
    "260": "JABUNG",
    "270": "LAWANG",
    "280": "SINGOSARI",
    "290": "KARANGPLOSO",
    "300": "DAU",
    "310": "PUJON",
    "320": "NGANTANG",
    "330": "KASEMBON"
}