{
    "010": "WONOSOBO",
    "011": "SEMAKA",
    "012": "BANDAR NEGERI SEMUONG",
    "020": "KOTA AGUNG",
    "021": "PEMATANG SAWA",
    "022": "KOTA AGUNG TIMUR",
    "023": "KOTA AGUNG BARAT",
    "030": "PULAU PANGGUNG",
    "031": "ULUBELU",
    "032": "AIR NANINGAN",
    "040": "TALANG PADANG",
    "041": "SUMBEREJO",
    "042": "GISTING",
    "043": "GUNUNG ALIP",
    "050": "PUGUNG",
    "101": "BULOK",
    "110": "CUKUH BALAK",
    "111": "KELUMBAYAN",
    "112": "LIMAU",
    "113": "KELUMBAYAN BARAT"
}