{
    "010": "ALUH - ALUH",
    "011": "BERUNTUNG BARU",
    "020": "GAMBUT",
    "030": "KERTAK HANYAR",
    "031": "TATAH MAKMUR",
    "040": "SUNGAI TABUK",
    "050": "MARTAPURA",
    "051": "MARTAPURA TIMUR",
    "052": "MARTAPURA BARAT",
    "060": "ASTAMBUL",
    "070": "KARANG INTAN",
    "080": "ARANIO",
    "090": "SUNGAI PINANG",
    "091": "PARAMASAN",
    "100": "PENGARON",
    "101": "SAMBUNG MAKMUR",
    "110": "MATARAMAN",
    "120": "SIMPANG EMPAT",
    "121": "TELAGA BAUNTUNG",
    "122": "CINTAPURI DARUSSALAM"
}