{
    "020": "LUNYUK",
    "021": "ORONG TELU",
    "050": "ALAS",
    "051": "ALAS BARAT",
    "052": "BUER",
    "061": "UTAN",
    "062": "RHEE",
    "070": "BATULANTEH",
    "080": "SUMBAWA",
    "081": "LABUHAN BADAS",
    "082": "UNTER IWES",
    "090": "MOYO HILIR",
    "091": "MOYO UTARA",
    "100": "MOYO HULU",
    "110": "ROPANG",
    "111": "LENANGGUAR",
    "112": "LANTUNG",
    "121": "LAPE",
    "122": "LOPOK",
    "130": "PLAMPANG",
    "131": "LABANGKA",
    "132": "MARONGE",
    "140": "EMPANG",
    "141": "TARANO"
}