{
    "010": "BONTOCANI",
    "020": "KAHU",
    "030": "KAJUARA",
    "040": "SALOMEKKO",
    "050": "TONRA",
    "060": "PATIMPENG",
    "070": "LIBURENG",
    "080": "MARE",
    "090": "SIBULUE",
    "100": "CINA",
    "110": "BAREBBO",
    "120": "PONRE",
    "130": "LAPPARIAJA",
    "140": "LAMURU",
    "141": "TELLU LIMPOE",
    "150": "BENGO",
    "160": "ULAWENG",
    "170": "PALAKKA",
    "180": "AWANGPONE",
    "190": "TELLU SIATTINGE",
    "200": "AMALI",
    "210": "AJANGALE",
    "220": "DUA BOCCOE",
    "230": "CENRANA",
    "710": "TANETE RIATTANG BARAT",
    "720": "TANETE RIATTANG",
    "730": "TANETE RIATTANG TIMUR"
}