{
    "010": "WALED",
    "011": "PASALEMAN",
    "020": "CILEDUG",
    "021": "PABUARAN",
    "030": "LOSARI",
    "031": "PABEDILAN",
    "040": "BABAKAN",
    "041": "GEBANG",
    "050": "KARANGSEMBUNG",
    "051": "KARANGWARENG",
    "060": "LEMAHABANG",
    "061": "SUSUKANLEBAK",
    "070": "SEDONG",
    "080": "ASTANAJAPURA",
    "081": "PANGENAN",
    "090": "MUNDU",
    "100": "BEBER",
    "101": "GREGED",
    "111": "TALUN",
    "120": "SUMBER",
    "121": "DUKUPUNTANG",
    "130": "PALIMANAN",
    "140": "PLUMBON",
    "141": "DEPOK",
    "150": "WERU",
    "151": "PLERED",
    "161": "TENGAH TANI",
    "162": "KEDAWUNG",
    "171": "GUNUNGJATI",
    "180": "KAPETAKAN",
    "181": "SURANENGGALA",
    "190": "KLANGENAN",
    "191": "JAMBLANG",
    "200": "ARJAWINANGUN",
    "201": "PANGURAGAN",
    "210": "CIWARINGIN",
    "211": "GEMPOL",
    "220": "SUSUKAN",
    "230": "GEGESIK",
    "231": "KALIWEDI"
}