{
    "010": "CINANGKA",
    "020": "PADARINCANG",
    "030": "CIOMAS",
    "040": "PABUARAN",
    "041": "GUNUNG SARI",
    "050": "BAROS",
    "060": "PETIR",
    "061": "TUNJUNG TEJA",
    "080": "CIKEUSAL",
    "090": "PAMARAYAN",
    "091": "BANDUNG",
    "100": "JAWILAN",
    "110": "KOPO",
    "120": "CIKANDE",
    "121": "KIBIN",
    "130": "KRAGILAN",
    "180": "WARINGINKURUNG",
    "190": "MANCAK",
    "200": "ANYAR",
    "210": "BOJONEGARA",
    "211": "PULO AMPEL",
    "220": "KRAMATWATU",
    "240": "CIRUAS",
    "250": "PONTANG",
    "251": "LEBAK WANGI",
    "260": "CARENANG",
    "261": "BINUANG",
    "270": "TIRTAYASA",
    "271": "TANARA"
}