{
    "010": "SAGALAHERANG",
    "011": "SERANGPANJANG",
    "020": "JALANCAGAK",
    "021": "CIATER",
    "030": "CISALAK",
    "031": "KASOMALANG",
    "040": "TANJUNGSIANG",
    "050": "CIJAMBE",
    "060": "CIBOGO",
    "070": "SUBANG",
    "080": "KALIJATI",
    "081": "DAWUAN",
    "090": "CIPEUNDEUY",
    "100": "PABUARAN",
    "110": "PATOKBEUSI",
    "120": "PURWADADI",
    "130": "CIKAUM",
    "140": "PAGADEN",
    "141": "PAGADEN BARAT",
    "150": "CIPUNAGARA",
    "160": "COMPRENG",
    "170": "BINONG",
    "171": "TAMBAKDAHAN",
    "180": "CIASEM",
    "190": "PAMANUKAN",
    "191": "SUKASARI",
    "200": "PUSAKANAGARA",
    "201": "PUSAKAJAYA",
    "210": "LEGONKULON",
    "220": "BLANAKAN"
}