{
    "010": "CISEWU",
    "011": "CARINGIN",
    "020": "TALEGONG",
    "030": "BUNGBULANG",
    "031": "MEKARMUKTI",
    "040": "PAMULIHAN",
    "050": "PAKENJENG",
    "060": "CIKELET",
    "070": "PAMEUNGPEUK",
    "080": "CIBALONG",
    "090": "CISOMPET",
    "100": "PEUNDEUY",
    "110": "SINGAJAYA",
    "111": "CIHURIP",
    "120": "CIKAJANG",
    "130": "BANJARWANGI",
    "140": "CILAWU",
    "150": "BAYONGBONG",
    "151": "CIGEDUG",
    "160": "CISURUPAN",
    "161": "SUKARESMI",
    "170": "SAMARANG",
    "171": "PASIRWANGI",
    "181": "TAROGONG KIDUL",
    "182": "TAROGONG KALER",
    "190": "GARUT KOTA",
    "200": "KARANGPAWITAN",
    "210": "WANARAJA",
    "211": "SUCINARAJA",
    "212": "PANGATIKAN",
    "220": "SUKAWENING",
    "221": "KARANGTENGAH",
    "230": "BANYURESMI",
    "240": "LELES",
    "250": "LEUWIGOONG",
    "260": "CIBATU",
    "261": "KERSAMANAH",
    "270": "CIBIUK",
    "280": "KADUNGORA",
    "290": "BLUBUR LIMBANGAN",
    "300": "SELAAWI",
    "310": "MALANGBONG"
}