{
    "010": "MARGOMULYO",
    "020": "NGRAHO",
    "030": "TAMBAKREJO",
    "040": "NGAMBON",
    "041": "SEKAR",
    "050": "BUBULAN",
    "051": "GONDANG",
    "060": "TEMAYANG",
    "070": "SUGIHWARAS",
    "080": "KEDUNGADEM",
    "090": "KEPOH BARU",
    "100": "BAURENO",
    "110": "KANOR",
    "120": "SUMBERREJO",
    "130": "BALEN",
    "140": "SUKOSEWU",
    "150": "KAPAS",
    "160": "BOJONEGORO",
    "170": "TRUCUK",
    "180": "DANDER",
    "190": "NGASEM",
    "191": "GAYAM",
    "200": "KALITIDU",
    "210": "MALO",
    "220": "PURWOSARI",
    "230": "PADANGAN",
    "240": "KASIMAN",
    "241": "KEDEWAN"
}