{
    "010": "KRAYAN SELATAN",
    "011": "KRAYAN TENGAH",
    "020": "KRAYAN",
    "021": "KRAYAN TIMUR",
    "022": "KRAYAN BARAT",
    "030": "LUMBIS OGONG",
    "031": "LUMBIS PANSIANGAN",
    "032": "LUMBIS HULU",
    "040": "LUMBIS",
    "050": "SEMBAKUNG ATULAI",
    "060": "SEMBAKUNG",
    "070": "SEBUKU",
    "080": "TULIN ONSOI",
    "090": "SEI MENGGARIS",
    "100": "NUNUKAN",
    "110": "NUNUKAN SELATAN",
    "120": "SEBATIK BARAT",
    "130": "SEBATIK",
    "140": "SEBATIK TIMUR",
    "150": "SEBATIK TENGAH",
    "160": "SEBATIK UTARA"
}