{
    "010": "LEWA",
    "011": "NGGAHA ORIANGU",
    "012": "LEWA TIDAHU",
    "013": "KATALA HAMU LINGU",
    "020": "TABUNDUNG",
    "021": "PINUPAHAR",
    "030": "PABERIWAI",
    "031": "KARERA",
    "032": "MATAWAI LA PAWU",
    "033": "KAHAUNGU ETI",
    "034": "MAHU",
    "035": "NGADU NGALA",
    "040": "PAHUNGA LODU",
    "041": "WULA WAIJELU",
    "051": "RINDI",
    "052": "UMALULU",
    "060": "PANDAWAI",
    "061": "KAMBATA MAPAMBUHANG",
    "070": "KOTA WAINGAPU",
    "071": "KAMBERA",
    "080": "HAHARU",
    "081": "KANATANG"
}