{
    "010": "PAMONA SELATAN",
    "011": "PAMONA BARAT",
    "012": "PAMONA TENGGARA",
    "020": "LORE SELATAN",
    "021": "LORE BARAT",
    "030": "PAMONA PUSALEMBA",
    "031": "PAMONA TIMUR",
    "032": "PAMONA UTARA",
    "040": "LORE UTARA",
    "041": "LORE TENGAH",
    "042": "LORE TIMUR",
    "043": "LORE PEORE",
    "050": "POSO PESISIR",
    "051": "POSO PESISIR SELATAN",
    "052": "POSO PESISIR UTARA",
    "060": "LAGE",
    "070": "POSO KOTA",
    "071": "POSO KOTA UTARA",
    "072": "POSO KOTA SELATAN"
}