{
    "010": "BANDAR PASIR MANDOGE",
    "020": "BANDAR PULAU",
    "021": "AEK SONGSONGAN",
    "022": "RAHUNING",
    "030": "PULAU RAKYAT",
    "031": "AEK KUASAN",
    "032": "AEK LEDONG",
    "040": "SEI KEPAYANG",
    "041": "SEI KEPAYANG BARAT",
    "042": "SEI KEPAYANG TIMUR",
    "050": "TANJUNG BALAI",
    "060": "SIMPANG EMPAT",
    "061": "TELUK DALAM",
    "070": "AIR BATU",
    "071": "SEI DADAP",
    "080": "BUNTU PANE",
    "081": "TINGGI RAJA",
    "082": "SETIA JANJI",
    "090": "MERANTI",
    "091": "PULO BANDRING",
    "092": "RAWANG PANCA ARGA",
    "100": "AIR JOMAN",
    "101": "SILAU LAUT",
    "160": "KISARAN BARAT",
    "170": "KISARAN TIMUR"
}