{
    "010": "SETU",
    "021": "SERANG BARU",
    "022": "CIKARANG PUSAT",
    "023": "CIKARANG SELATAN",
    "030": "CIBARUSAH",
    "031": "BOJONGMANGU",
    "041": "CIKARANG TIMUR",
    "050": "KEDUNGWARINGIN",
    "061": "CIKARANG UTARA",
    "062": "KARANGBAHAGIA",
    "070": "CIBITUNG",
    "071": "CIKARANG BARAT",
    "081": "TAMBUN SELATAN",
    "082": "TAMBUN UTARA",
    "090": "BABELAN",
    "100": "TARUMAJAYA",
    "110": "TAMBELANG",
    "111": "SUKAWANGI",
    "120": "SUKATANI",
    "121": "SUKAKARYA",
    "130": "PEBAYURAN",
    "140": "CABANGBUNGIN",
    "150": "MUARA GEMBONG"
}