{
    "010": "SOPAI",
    "020": "KESU",
    "030": "SANGGALANGI",
    "040": "BUNTAO",
    "050": "RANTEBUA",
    "060": "NANGGALA",
    "070": "TONDON",
    "080": "TALLUNGLIPU",
    "090": "RANTEPAO",
    "100": "TIKALA",
    "110": "SESEAN",
    "120": "BALUSU",
    "130": "SA'DAN",
    "140": "BENGKELEKILA",
    "150": "SESEAN SULOARA",
    "160": "KAPALA PITU",
    "170": "DENDE PIONGAN NAPO",
    "180": "AWAN RANTE KARUA",
    "190": "RINDINGALO",
    "200": "BUNTU PEPASAN",
    "210": "BARUPPU"
}