{
    "010": "BATANG ANAI",
    "020": "LUBUAK ALUANG",
    "021": "SINTUAK TOBOH GADANG",
    "030": "ULAKAN TAPAKIH",
    "040": "NAN SABARIS",
    "050": "2 X 11 ANAM LINGKUANG",
    "051": "ANAM LINGKUANG",
    "052": "2 X 11 KAYU TANAM",
    "060": "VII KOTO",
    "061": "VII KOTO PATAMUAN",
    "062": "VII KOTO PADANG SAGO",
    "070": "V KOTO",
    "071": "V KOTO TIMUR",
    "080": "SUNGAI LIMAU",
    "081": "BATANG GASAN",
    "090": "SUNGAI GARINGGIANG",
    "100": "IV KOTO AUA MALINTANG"
}