{
    "091": "LANGOWAN TIMUR",
    "092": "LANGOWAN BARAT",
    "093": "LANGOWAN SELATAN",
    "094": "LANGOWAN UTARA",
    "110": "TOMPASO",
    "111": "TOMPASO BARAT",
    "120": "KAWANGKOAN",
    "121": "KAWANGKOAN BARAT",
    "122": "KAWANGKOAN UTARA",
    "130": "SONDER",
    "160": "TOMBARIRI",
    "161": "TOMBARIRI TIMUR",
    "170": "PINELENG",
    "171": "TOMBULU",
    "172": "MANDOLANG",
    "190": "TONDANO BARAT",
    "191": "TONDANO SELATAN",
    "200": "REMBOKEN",
    "210": "KAKAS",
    "211": "KAKAS BARAT",
    "220": "LEMBEAN TIMUR",
    "230": "ERIS",
    "240": "KOMBI",
    "250": "TONDANO TIMUR",
    "251": "TONDANO UTARA"
}