{
    "010": "CIWIDEY",
    "011": "RANCABALI",
    "020": "PASIRJAMBU",
    "030": "CIMAUNG",
    "040": "PANGALENGAN",
    "050": "KERTASARI",
    "060": "PACET",
    "070": "IBUN",
    "080": "PASEH",
    "090": "CIKANCUNG",
    "100": "CICALENGKA",
    "101": "NAGREG",
    "110": "RANCAEKEK",
    "120": "MAJALAYA",
    "121": "SOLOKAN JERUK",
    "130": "CIPARAY",
    "140": "BALEENDAH",
    "150": "ARJASARI",
    "160": "BANJARAN",
    "161": "CANGKUANG",
    "170": "PAMEUNGPEUK",
    "180": "KATAPANG",
    "190": "SOREANG",
    "191": "KUTAWARINGIN",
    "250": "MARGAASIH",
    "260": "MARGAHAYU",
    "270": "DAYEUHKOLOT",
    "280": "BOJONGSOANG",
    "290": "CILEUNYI",
    "300": "CILENGKRANG",
    "310": "CIMENYAN"
}