{
    "010": "RANTAU BAYUR",
    "020": "BETUNG",
    "021": "SUAK TAPEH",
    "030": "PULAU RIMAU",
    "031": "TUNGKAL ILIR",
    "032": "SELAT PENUGUAN",
    "040": "BANYUASIN III",
    "041": "SEMBAWA",
    "050": "TALANG KELAPA",
    "051": "TANJUNG LAGO",
    "060": "BANYUASIN I",
    "061": "AIR KUMBANG",
    "070": "RAMBUTAN",
    "080": "MUARA PADANG",
    "081": "MUARA SUGIHAN",
    "090": "MAKARTI JAYA",
    "091": "AIR SALEK",
    "100": "BANYUASIN II",
    "101": "KARANG AGUNG ILIR",
    "110": "MUARA TELANG",
    "111": "SUMBER MARGA TELANG"
}