{
    "010": "TINANGGEA",
    "011": "LALEMBUU",
    "020": "ANDOOLO",
    "021": "BUKE",
    "022": "ANDOOLO BARAT",
    "030": "PALANGGA",
    "031": "PALANGGA SELATAN",
    "032": "BAITO",
    "040": "LAINEA",
    "041": "LAEYA",
    "050": "KOLONO",
    "051": "KOLONO TIMUR",
    "060": "LAONTI",
    "070": "MORAMO",
    "071": "MORAMO UTARA",
    "080": "KONDA",
    "081": "WOLASI",
    "090": "RANOMEETO",
    "091": "RANOMEETO BARAT",
    "100": "LANDONO",
    "101": "MOWILA",
    "102": "SABULAKOA",
    "110": "ANGATA",
    "111": "BENUA",
    "112": "BASALA"
}