{
    "010": "LUMBIR",
    "020": "WANGON",
    "030": "JATILAWANG",
    "040": "RAWALO",
    "050": "KEBASEN",
    "060": "KEMRANJEN",
    "070": "SUMPIUH",
    "080": "TAMBAK",
    "090": "SOMAGEDE",
    "100": "KALIBAGOR",
    "110": "BANYUMAS",
    "120": "PATIKRAJA",
    "130": "PURWOJATI",
    "140": "AJIBARANG",
    "150": "GUMELAR",
    "160": "PEKUNCEN",
    "170": "CILONGOK",
    "180": "KARANGLEWAS",
    "190": "KEDUNG BANTENG",
    "200": "BATURRADEN",
    "210": "SUMBANG",
    "220": "KEMBARAN",
    "230": "SOKARAJA",
    "710": "PURWOKERTO SELATAN",
    "720": "PURWOKERTO BARAT",
    "730": "PURWOKERTO TIMUR",
    "740": "PURWOKERTO UTARA"
}