{
    "010": "SILIMAKUTA",
    "011": "PEMATANG SILIMAHUTA",
    "020": "PURBA",
    "021": "HARANGGAOL HORISON",
    "030": "DOLOK PARDAMEAN",
    "040": "SIDAMANIK",
    "041": "PEMATANG SIDAMANIK",
    "050": "GIRSANG SIPANGAN BOLON",
    "060": "TANAH JAWA",
    "061": "HATONDUHAN",
    "070": "DOLOK PANRIBUAN",
    "080": "JORLANG HATARAN",
    "090": "PANEI",
    "091": "PANOMBEAN PANEI",
    "100": "RAYA",
    "101": "DOLOG MASAGAL",
    "110": "DOLOK SILAU",
    "120": "SILAU KAHEAN",
    "130": "RAYA KAHEAN",
    "140": "TAPIAN DOLOK",
    "150": "DOLOK BATU NANGGAR",
    "160": "SIANTAR",
    "161": "GUNUNG MALELA",
    "162": "GUNUNG MALIGAS",
    "170": "HUTABAYU RAJA",
    "171": "JAWA MARAJA BAH JAMBI",
    "180": "PEMATANG BANDAR",
    "181": "BANDAR HULUAN",
    "190": "BANDAR",
    "191": "BANDAR MASILAM",
    "200": "BOSAR MALIGAS",
    "210": "UJUNG PADANG"
}