{
    "010": "PANGKALAN",
    "011": "TEGALWARU",
    "020": "CIAMPEL",
    "031": "TELUKJAMBE TIMUR",
    "032": "TELUKJAMBE BARAT",
    "040": "KLARI",
    "050": "CIKAMPEK",
    "051": "PURWASARI",
    "060": "TIRTAMULYA",
    "070": "JATISARI",
    "071": "BANYUSARI",
    "072": "KOTABARU",
    "081": "CILAMAYA WETAN",
    "082": "CILAMAYA KULON",
    "090": "LEMAHABANG",
    "100": "TELAGASARI",
    "111": "MAJALAYA",
    "112": "KARAWANG TIMUR",
    "113": "KARAWANG BARAT",
    "120": "RAWAMERTA",
    "130": "TEMPURAN",
    "140": "KUTAWALUYA",
    "150": "RENGASDENGKLOK",
    "151": "JAYAKERTA",
    "160": "PEDES",
    "161": "CILEBAR",
    "170": "CIBUAYA",
    "180": "TIRTAJAYA",
    "190": "BATUJAYA",
    "200": "PAKISJAYA"
}