{
    "010": "KAMPAR KIRI",
    "011": "KAMPAR KIRI HULU",
    "012": "KAMPAR KIRI HILIR",
    "013": "GUNUNG SAHILAN",
    "014": "KAMPAR KIRI TENGAH",
    "020": "XIII KOTO KAMPAR",
    "021": "KOTO KAMPAR HULU",
    "030": "KUOK",
    "031": "SALO",
    "040": "TAPUNG",
    "041": "TAPUNG HULU",
    "042": "TAPUNG HILIR",
    "050": "BANGKINANG KOTA",
    "051": "BANGKINANG",
    "060": "KAMPAR",
    "061": "KAMPA",
    "062": "RUMBIO JAYA",
    "063": "KAMPAR UTARA",
    "070": "TAMBANG",
    "080": "SIAK HULU",
    "081": "PERHENTIAN RAJA"
}