{
    "010": "MOLLO UTARA",
    "011": "FATUMNASI",
    "012": "TOBU",
    "013": "NUNBENA",
    "020": "MOLLO SELATAN",
    "021": "POLEN",
    "022": "MOLLO BARAT",
    "023": "MOLLO TENGAH",
    "030": "KOTA SOE",
    "040": "AMANUBAN BARAT",
    "041": "BATU PUTIH",
    "042": "KUATNANA",
    "050": "AMANUBAN SELATAN",
    "051": "NOEBEBA",
    "060": "KUAN FATU",
    "061": "KUALIN",
    "070": "AMANUBAN TENGAH",
    "071": "KOLBANO",
    "072": "OENINO",
    "080": "AMANUBAN TIMUR",
    "081": "FAUTMOLO",
    "082": "FATUKOPA",
    "090": "KIE",
    "091": "KOT'OLIN",
    "100": "AMANATUN SELATAN",
    "101": "BOKING",
    "102": "NUNKOLO",
    "103": "NOEBANA",
    "104": "SANTIAN",
    "110": "AMANATUN UTARA",
    "111": "TOIANAS",
    "112": "KOKBAUN"
}