{
    "010": "MAESAN",
    "020": "GRUJUGAN",
    "030": "TAMANAN",
    "031": "JAMBESARI DARUS SHOLAH",
    "040": "PUJER",
    "050": "TLOGOSARI",
    "060": "SUKOSARI",
    "061": "SUMBER WRINGIN",
    "070": "TAPEN",
    "080": "WONOSARI",
    "090": "TENGGARANG",
    "100": "BONDOWOSO",
    "110": "CURAH DAMI",
    "111": "BINAKAL",
    "120": "PAKEM",
    "130": "WRINGIN",
    "140": "TEGALAMPEL",
    "141": "TAMAN KROCOK",
    "150": "KLABANG",
    "151": "IJEN",
    "152": "BOTOLINGGO",
    "160": "PRAJEKAN",
    "170": "CERMEE"
}