{
    "010": "MIOMAFFO BARAT",
    "011": "MIOMAFFO TENGAH",
    "012": "MUSI",
    "013": "MUTIS",
    "020": "MIOMAFFO TIMUR",
    "021": "NOEMUTI",
    "022": "BIKOMI SELATAN",
    "023": "BIKOMI TENGAH",
    "024": "BIKOMI NILULAT",
    "025": "BIKOMI UTARA",
    "026": "NAIBENU",
    "027": "NOEMUTI TIMUR",
    "030": "KOTA KEFAMENANU",
    "040": "INSANA",
    "041": "INSANA UTARA",
    "042": "INSANA BARAT",
    "043": "INSANA TENGAH",
    "044": "INSANA FAFINESU",
    "050": "BIBOKI SELATAN",
    "051": "BIBOKI TANPAH",
    "052": "BIBOKI MOENLEU",
    "060": "BIBOKI UTARA",
    "061": "BIBOKI ANLEU",
    "062": "BIBOKI FEOTLEU"
}