{
    "010": "LEMAHSUGIH",
    "020": "BANTARUJEG",
    "021": "MALAUSMA",
    "030": "CIKIJING",
    "031": "CINGAMBUL",
    "040": "TALAGA",
    "041": "BANJARAN",
    "050": "ARGAPURA",
    "060": "MAJA",
    "070": "MAJALENGKA",
    "080": "CIGASONG",
    "090": "SUKAHAJI",
    "091": "SINDANG",
    "100": "RAJAGALUH",
    "110": "SINDANGWANGI",
    "120": "LEUWIMUNDING",
    "130": "PALASAH",
    "140": "JATIWANGI",
    "150": "DAWUAN",
    "151": "KASOKANDEL",
    "160": "PANYINGKIRAN",
    "170": "KADIPATEN",
    "180": "KERTAJATI",
    "190": "JATITUJUH",
    "200": "LIGUNG",
    "210": "SUMBERJAYA"
}