{
    "010": "AYAH",
    "020": "BUAYAN",
    "030": "PURING",
    "040": "PETANAHAN",
    "050": "KLIRONG",
    "060": "BULUSPESANTREN",
    "070": "AMBAL",
    "080": "MIRIT",
    "081": "BONOROWO",
    "090": "PREMBUN",
    "091": "PADURESO",
    "100": "KUTOWINANGUN",
    "110": "ALIAN",
    "111": "PONCOWARNO",
    "120": "KEBUMEN",
    "130": "PEJAGOAN",
    "140": "SRUWENG",
    "150": "ADIMULYO",
    "160": "KUWARASAN",
    "170": "ROWOKELE",
    "180": "SEMPOR",
    "190": "GOMBONG",
    "200": "KARANGANYAR",
    "210": "KARANGGAYAM",
    "220": "SADANG",
    "221": "KARANGSAMBUNG"
}