{
    "010": "LAROMPONG",
    "011": "LAROMPONG SELATAN",
    "020": "SULI",
    "021": "SULI BARAT",
    "030": "BELOPA",
    "031": "KAMANRE",
    "032": "BELOPA UTARA",
    "040": "BAJO",
    "041": "BAJO BARAT",
    "050": "BASSESANGTEMPE",
    "051": "LATIMOJONG",
    "052": "BASSESANGTEMPE UTARA",
    "060": "BUPON",
    "061": "PONRANG",
    "062": "PONRANG SELATAN",
    "070": "BUA",
    "080": "WALENRANG",
    "081": "WALENRANG TIMUR",
    "090": "LAMASI",
    "091": "WALENRANG UTARA",
    "092": "WALENRANG BARAT",
    "093": "LAMASI TIMUR"
}