{
    "010": "SUKAPURA",
    "020": "SUMBER",
    "030": "KURIPAN",
    "040": "BANTARAN",
    "050": "LECES",
    "060": "TEGALSIWALAN",
    "070": "BANYUANYAR",
    "080": "TIRIS",
    "090": "KRUCIL",
    "100": "GADING",
    "110": "PAKUNIRAN",
    "120": "KOTAANYAR",
    "130": "PAITON",
    "140": "BESUK",
    "150": "KRAKSAAN",
    "160": "KREJENGAN",
    "170": "PAJARAKAN",
    "180": "MARON",
    "190": "GENDING",
    "200": "DRINGU",
    "210": "WONOMERTO",
    "220": "LUMBANG",
    "230": "TONGAS",
    "240": "SUMBERASIH"
}