{
    "010": "SAUSU",
    "011": "TORUE",
    "012": "BALINGGI",
    "020": "PARIGI",
    "021": "PARIGI SELATAN",
    "022": "PARIGI BARAT",
    "023": "PARIGI UTARA",
    "024": "PARIGI TENGAH",
    "030": "AMPIBABO",
    "031": "KASIMBAR",
    "032": "TORIBULU",
    "033": "SINIU",
    "040": "TINOMBO",
    "041": "TINOMBO SELATAN",
    "042": "SIDOAN",
    "050": "TOMINI",
    "051": "MEPANGA",
    "052": "PALASA",
    "060": "MOUTONG",
    "061": "BOLANO LAMBUNU",
    "062": "TAOPA",
    "063": "BOLANO",
    "064": "ONGKA MALINO"
}