{
    "010": "CIPATUJAH",
    "020": "KARANGNUNGGAL",
    "030": "CIKALONG",
    "040": "PANCATENGAH",
    "050": "CIKATOMAS",
    "060": "CIBALONG",
    "061": "PARUNGPONTENG",
    "070": "BANTARKALONG",
    "071": "BOJONGASIH",
    "072": "CULAMEGA",
    "080": "BOJONGGAMBIR",
    "090": "SODONGHILIR",
    "100": "TARAJU",
    "110": "SALAWU",
    "111": "PUSPAHIANG",
    "120": "TANJUNGJAYA",
    "130": "SUKARAJA",
    "140": "SALOPA",
    "141": "JATIWARAS",
    "150": "CINEAM",
    "151": "KARANGJAYA",
    "160": "MANONJAYA",
    "161": "GUNUNGTANJUNG",
    "190": "SINGAPARNA",
    "191": "SUKARAME",
    "192": "MANGUNREJA",
    "200": "CIGALONTANG",
    "210": "LEUWISARI",
    "211": "SARIWANGI",
    "212": "PADAKEMBANG",
    "221": "SUKARATU",
    "230": "CISAYONG",
    "231": "SUKAHENING",
    "240": "RAJAPOLAH",
    "250": "JAMANIS",
    "260": "CIAWI",
    "261": "KADIPATEN",
    "270": "PAGERAGEUNG",
    "271": "SUKARESIK"
}