{
    "080": "SERBA JADI",
    "081": "SIMPANG JERNIH",
    "082": "PEUNARON",
    "090": "BIREM BAYEUN",
    "100": "RANTAU SELAMAT",
    "101": "SUNGAI RAYA",
    "110": "PEUREULAK",
    "111": "PEUREULAK TIMUR",
    "112": "PEUREULAK BARAT",
    "120": "RANTO PEUREULAK",
    "130": "IDI RAYEUK",
    "131": "PEUDAWA",
    "132": "BANDA ALAM",
    "133": "IDI TUNONG",
    "134": "DARUL IHSAN",
    "135": "IDI TIMUR",
    "140": "DARUL AMAN",
    "150": "NURUSSALAM",
    "151": "DARUL FALAH",
    "160": "JULOK",
    "161": "INDRA MAKMUR",
    "170": "PANTE BIDARI",
    "180": "SIMPANG ULIM",
    "181": "MADAT"
}