{
    "010": "PURWODADI",
    "020": "TUTUR",
    "030": "PUSPO",
    "040": "TOSARI",
    "050": "LUMBANG",
    "060": "PASREPAN",
    "070": "KEJAYAN",
    "080": "WONOREJO",
    "090": "PURWOSARI",
    "100": "PRIGEN",
    "110": "SUKOREJO",
    "120": "PANDAAN",
    "130": "GEMPOL",
    "140": "BEJI",
    "150": "BANGIL",
    "160": "REMBANG",
    "170": "KRATON",
    "180": "POHJENTREK",
    "190": "GONDANG WETAN",
    "200": "REJOSO",
    "210": "WINONGAN",
    "220": "GRATI",
    "230": "LEKOK",
    "240": "NGULING"
}