{
    "010": "SEMENDO DARAT LAUT",
    "011": "SEMENDO DARAT ULU",
    "012": "SEMENDO DARAT TENGAH",
    "020": "TANJUNG AGUNG",
    "021": "PANANG ENIM",
    "031": "RAMBANG",
    "032": "LUBAI",
    "033": "LUBAI ULU",
    "040": "LAWANG KIDUL",
    "050": "MUARA ENIM",
    "051": "UJAN MAS",
    "060": "GUNUNG MEGANG",
    "061": "BENAKAT",
    "062": "BELIMBING",
    "070": "RAMBANG NIRU",
    "071": "EMPAT PETULAI DANGKU",
    "090": "GELUMBANG",
    "091": "LEMBAK",
    "092": "SUNGAI ROTAN",
    "093": "MUARA BELIDA",
    "094": "KELEKAR",
    "095": "BELIDA DARAT"
}