{
    "010": "SUMUR",
    "020": "CIMANGGU",
    "030": "CIBALIUNG",
    "031": "CIBITUNG",
    "040": "CIKEUSIK",
    "050": "CIGEULIS",
    "060": "PANIMBANG",
    "061": "SOBANG",
    "070": "MUNJUL",
    "071": "ANGSANA",
    "072": "SINDANGRESMI",
    "080": "PICUNG",
    "090": "BOJONG",
    "100": "SAKETI",
    "101": "CISATA",
    "110": "PAGELARAN",
    "111": "PATIA",
    "112": "SUKARESMI",
    "120": "LABUAN",
    "121": "CARITA",
    "130": "JIPUT",
    "131": "CIKEDAL",
    "140": "MENES",
    "141": "PULOSARI",
    "150": "MANDALAWANGI",
    "160": "CIMANUK",
    "161": "CIPEUCANG",
    "170": "BANJAR",
    "171": "KADUHEJO",
    "172": "MEKARJAYA",
    "180": "PANDEGLANG",
    "181": "MAJASARI",
    "190": "CADASARI",
    "191": "KARANGTANJUNG",
    "192": "KORONCONG"
}