{
    "100": "BANJARSARI",
    "101": "BANJARANYAR",
    "110": "LAKBOK",
    "111": "PURWADADI",
    "120": "PAMARICAN",
    "130": "CIDOLOG",
    "140": "CIMARAGAS",
    "150": "CIJEUNGJING",
    "160": "CISAGA",
    "170": "TAMBAKSARI",
    "180": "RANCAH",
    "190": "RAJADESA",
    "200": "SUKADANA",
    "210": "CIAMIS",
    "211": "BAREGBEG",
    "220": "CIKONENG",
    "221": "SINDANGKASIH",
    "230": "CIHAURBEUTI",
    "240": "SADANANYA",
    "250": "CIPAKU",
    "260": "JATINAGARA",
    "270": "PANAWANGAN",
    "280": "KAWALI",
    "281": "LUMBUNG",
    "290": "PANJALU",
    "291": "SUKAMANTRI",
    "300": "PANUMBANGAN"
}