{
    "010": "KENDAWANGAN",
    "020": "MANIS MATA",
    "030": "MARAU",
    "031": "SINGKUP",
    "032": "AIR UPAS",
    "040": "JELAI HULU",
    "050": "TUMBANG TITI",
    "051": "PEMAHAN",
    "052": "SUNGAI MELAYU RAYAK",
    "060": "MATAN HILIR SELATAN",
    "061": "BENUA KAYONG",
    "070": "MATAN HILIR UTARA",
    "071": "DELTA PAWAN",
    "072": "MUARA PAWAN",
    "090": "NANGA TAYAP",
    "100": "SANDAI",
    "101": "HULU SUNGAI",
    "110": "SUNGAI LAUR",
    "120": "SIMPANG HULU",
    "121": "SIMPANG DUA"
}