{
    "010": "GEUMPANG",
    "011": "MANE",
    "070": "GLUMPANG TIGA",
    "071": "GLUMPANG BARO",
    "080": "MUTIARA",
    "081": "MUTIARA TIMUR",
    "090": "TIRO/TRUSEB",
    "100": "TANGSE",
    "111": "KEUMALA",
    "112": "TITEUE",
    "120": "SAKTI",
    "130": "MILA",
    "140": "PADANG TIJI",
    "150": "DELIMA",
    "151": "GRONG GRONG",
    "160": "INDRAJAYA",
    "170": "PEUKAN BARO",
    "180": "KEMBANG TANJONG",
    "190": "SIMPANG TIGA",
    "200": "KOTA SIGLI",
    "210": "PIDIE",
    "220": "BATEE",
    "230": "MUARA TIGA"
}