{
    "010": "PRACIMANTORO",
    "020": "PARANGGUPITO",
    "030": "GIRITONTRO",
    "040": "GIRIWOYO",
    "050": "BATUWARNO",
    "060": "KARANGTENGAH",
    "070": "TIRTOMOYO",
    "080": "NGUNTORONADI",
    "090": "BATURETNO",
    "100": "EROMOKO",
    "110": "WURYANTORO",
    "120": "MANYARAN",
    "130": "SELOGIRI",
    "140": "WONOGIRI",
    "150": "NGADIROJO",
    "160": "SIDOHARJO",
    "170": "JATIROTO",
    "180": "KISMANTORO",
    "190": "PURWANTORO",
    "200": "BULUKERTO",
    "201": "PUHPELEM",
    "210": "SLOGOHIMO",
    "220": "JATISRONO",
    "230": "JATIPURNO",
    "240": "GIRIMARTO"
}