{
    "010": "MEKAKAU ILIR",
    "020": "BANDING AGUNG",
    "021": "WARKUK RANAU SELATAN",
    "022": "BUAY PEMATANG RIBU RANAU TENGAH",
    "030": "BUAY PEMACA",
    "040": "SIMPANG",
    "041": "BUANA PEMACA",
    "050": "MUARADUA",
    "051": "BUAY RAWAN",
    "060": "BUAY SANDANG AJI",
    "061": "TIGA DIHAJI",
    "070": "BUAY RUNJUNG",
    "071": "RUNJUNG AGUNG",
    "080": "KISAM TINGGI",
    "090": "MUARADUA KISAM",
    "091": "KISAM ILIR",
    "100": "PULAU BERINGIN",
    "101": "SINDANG DANAU",
    "102": "SUNGAI ARE"
}