{
    "010": "BATAHAN",
    "011": "SINUNUKAN",
    "020": "BATANG NATAL",
    "021": "LINGGA BAYU",
    "022": "RANTO BAEK",
    "030": "KOTANOPAN",
    "031": "ULU PUNGKUT",
    "032": "TAMBANGAN",
    "033": "LEMBAH SORIK MARAPI",
    "034": "PUNCAK SORIK MARAPI",
    "040": "MUARA SIPONGI",
    "041": "PAKANTAN",
    "050": "PANYABUNGAN",
    "051": "PANYABUNGAN SELATAN",
    "052": "PANYABUNGAN BARAT",
    "053": "PANYABUNGAN UTARA",
    "054": "PANYABUNGAN TIMUR",
    "055": "HUTA BARGOT",
    "060": "NATAL",
    "070": "MUARA BATANG GADIS",
    "080": "SIABU",
    "081": "BUKIT MALINTANG",
    "082": "NAGA JUANG"
}