{
    "010": "MALINGPING",
    "011": "WANASALAM",
    "020": "PANGGARANGAN",
    "021": "CIHARA",
    "030": "BAYAH",
    "031": "CILOGRANG",
    "040": "CIBEBER",
    "050": "CIJAKU",
    "051": "CIGEMBLONG",
    "060": "BANJARSARI",
    "070": "CILELES",
    "080": "GUNUNG KENCANA",
    "090": "BOJONGMANIK",
    "091": "CIRINTEN",
    "100": "LEUWIDAMAR",
    "110": "MUNCANG",
    "111": "SOBANG",
    "120": "CIPANAS",
    "121": "LEBAKGEDONG",
    "130": "SAJIRA",
    "140": "CIMARGA",
    "150": "CIKULUR",
    "160": "WARUNGGUNUNG",
    "170": "CIBADAK",
    "180": "RANGKASBITUNG",
    "181": "KALANGANYAR",
    "190": "MAJA",
    "191": "CURUGBITUNG"
}