{
    "010": "NANGAPANDA",
    "011": "PULAU ENDE",
    "012": "MAUKARO",
    "020": "ENDE",
    "030": "ENDE SELATAN",
    "031": "ENDE TIMUR",
    "032": "ENDE TENGAH",
    "033": "ENDE UTARA",
    "040": "NDONA",
    "041": "NDONA TIMUR",
    "050": "WOLOWARU",
    "051": "WOLOJITA",
    "052": "LIO TIMUR",
    "053": "KELIMUTU",
    "054": "NDORI",
    "060": "MAUROLE",
    "061": "KOTABARU",
    "062": "DETUKELI",
    "063": "LEPEMBUSU KELISOKE",
    "070": "DETUSOKO",
    "071": "WEWARIA"
}