{
    "010": "MARTAPURA",
    "011": "BUNGA MAYANG",
    "012": "JAYA PURA",
    "020": "BUAY PEMUKA PELIUNG",
    "030": "BUAY MADANG",
    "031": "BUAY MADANG TIMUR",
    "032": "BUAY PEMUKA BANGSA RAJA",
    "040": "MADANG SUKU II",
    "041": "MADANG SUKU III",
    "050": "MADANG SUKU I",
    "051": "BELITANG MADANG RAYA",
    "060": "BELITANG",
    "061": "BELITANG JAYA",
    "070": "BELITANG III",
    "080": "BELITANG II",
    "081": "BELITANG MULYA",
    "090": "SEMENDAWAI SUKU III",
    "091": "SEMENDAWAI TIMUR",
    "100": "CEMPAKA",
    "101": "SEMENDAWAI BARAT"
}