{
    "010": "KENCONG",
    "020": "GUMUK MAS",
    "030": "PUGER",
    "040": "WULUHAN",
    "050": "AMBULU",
    "060": "TEMPUREJO",
    "070": "SILO",
    "080": "MAYANG",
    "090": "MUMBULSARI",
    "100": "JENGGAWAH",
    "110": "AJUNG",
    "120": "RAMBIPUJI",
    "130": "BALUNG",
    "140": "UMBULSARI",
    "150": "SEMBORO",
    "160": "JOMBANG",
    "170": "SUMBER BARU",
    "180": "TANGGUL",
    "190": "BANGSALSARI",
    "200": "PANTI",
    "210": "SUKORAMBI",
    "220": "ARJASA",
    "230": "PAKUSARI",
    "240": "KALISAT",
    "250": "LEDOKOMBO",
    "260": "SUMBERJAMBE",
    "270": "SUKOWONO",
    "280": "JELBUK",
    "710": "KALIWATES",
    "720": "SUMBERSARI",
    "730": "PATRANG"
}