{
    "010": "GUNUNG MERIAH",
    "020": "SINEMBAH TANJUNG MUDA HULU",
    "030": "SIBOLANGIT",
    "040": "KUTALIMBARU",
    "050": "PANCUR BATU",
    "060": "NAMO RAMBE",
    "070": "BIRU-BIRU",
    "080": "SINEMBAH TANJUNG MUDA HILIR",
    "090": "BANGUN PURBA",
    "190": "GALANG",
    "200": "TANJUNG MORAWA",
    "210": "PATUMBAK",
    "220": "DELI TUA",
    "230": "SUNGGAL",
    "240": "HAMPARAN PERAK",
    "250": "LABUHAN DELI",
    "260": "PERCUT SEI TUAN",
    "270": "BATANG KUIS",
    "280": "PANTAI LABU",
    "290": "BERINGIN",
    "300": "LUBUK PAKAM",
    "310": "PAGAR MERBAU"
}