{
    "010": "PRAGAAN",
    "020": "BLUTO",
    "030": "SARONGGI",
    "040": "GILIGENTENG",
    "050": "TALANGO",
    "060": "KALIANGET",
    "070": "KOTA SUMENEP",
    "071": "BATUAN",
    "080": "LENTENG",
    "090": "GANDING",
    "100": "GULUK GULUK",
    "110": "PASONGSONGAN",
    "120": "AMBUNTEN",
    "130": "RUBARU",
    "140": "DASUK",
    "150": "MANDING",
    "160": "BATUPUTIH",
    "170": "GAPURA",
    "180": "BATANG BATANG",
    "190": "DUNGKEK",
    "200": "NONGGUNONG",
    "210": "GAYAM",
    "220": "RAAS",
    "230": "SAPEKEN",
    "240": "ARJASA",
    "241": "KANGAYAN",
    "250": "MASALEMBU"
}