{
    "011": "TANJUNG SAKTI PUMI",
    "012": "TANJUNG SAKTI PUMU",
    "040": "KOTA AGUNG",
    "041": "MULAK ULU",
    "042": "TANJUNG TEBAT",
    "043": "MULAK SEBINGKAI",
    "050": "PULAU PINANG",
    "051": "PAGAR GUNUNG",
    "052": "GUMAY ULU",
    "060": "JARAI",
    "061": "PAJAR BULAN",
    "062": "MUARA PAYANG",
    "063": "SUKAMERINDU",
    "111": "KIKIM BARAT",
    "112": "KIKIM TIMUR",
    "113": "KIKIM SELATAN",
    "114": "KIKIM TENGAH",
    "120": "LAHAT",
    "121": "GUMAY TALANG",
    "122": "PSEKSU",
    "123": "LAHAT SELATAN",
    "131": "MERAPI BARAT",
    "132": "MERAPI TIMUR",
    "133": "MERAPI SELATAN"
}