{
    "010": "MOJO",
    "020": "SEMEN",
    "030": "NGADILUWIH",
    "040": "KRAS",
    "050": "RINGINREJO",
    "060": "KANDAT",
    "070": "WATES",
    "080": "NGANCAR",
    "090": "PLOSOKLATEN",
    "100": "GURAH",
    "110": "PUNCU",
    "120": "KEPUNG",
    "130": "KANDANGAN",
    "140": "PARE",
    "141": "BADAS",
    "150": "KUNJANG",
    "160": "PLEMAHAN",
    "170": "PURWOASRI",
    "180": "PAPAR",
    "190": "PAGU",
    "191": "KAYEN KIDUL",
    "200": "GAMPENGREJO",
    "201": "NGASEM",
    "210": "BANYAKAN",
    "220": "GROGOL",
    "230": "TAROKAN"
}