{
    "010": "DARMA",
    "020": "KADUGEDE",
    "021": "NUSAHERANG",
    "030": "CINIRU",
    "031": "HANTARA",
    "040": "SELAJAMBE",
    "050": "SUBANG",
    "051": "CILEBAK",
    "060": "CIWARU",
    "061": "KARANGKANCANA",
    "070": "CIBINGBIN",
    "071": "CIBEUREUM",
    "080": "LURAGUNG",
    "081": "CIMAHI",
    "090": "CIDAHU",
    "091": "KALIMANGGIS",
    "100": "CIAWIGEBANG",
    "101": "CIPICUNG",
    "110": "LEBAKWANGI",
    "111": "MALEBER",
    "120": "GARAWANGI",
    "121": "SINDANGAGUNG",
    "130": "KUNINGAN",
    "140": "CIGUGUR",
    "150": "KRAMATMULYA",
    "160": "JALAKSANA",
    "161": "JAPARA",
    "170": "CILIMUS",
    "171": "CIGANDAMEKAR",
    "180": "MANDIRANCAN",
    "181": "PANCALANG",
    "190": "PASAWAHAN"
}