{
    "010": "KARANG PILANG",
    "020": "JAMBANGAN",
    "030": "GAYUNGAN",
    "040": "WONOCOLO",
    "050": "TENGGILIS MEJOYO",
    "060": "GUNUNG ANYAR",
    "070": "RUNGKUT",
    "080": "SUKOLILO",
    "090": "MULYOREJO",
    "100": "GUBENG",
    "110": "WONOKROMO",
    "120": "DUKUH PAKIS",
    "130": "WIYUNG",
    "140": "LAKARSANTRI",
    "141": "SAMBIKEREP",
    "150": "TANDES",
    "160": "SUKO MANUNGGAL",
    "170": "SAWAHAN",
    "180": "TEGALSARI",
    "190": "GENTENG",
    "200": "TAMBAKSARI",
    "210": "KENJERAN",
    "211": "BULAK",
    "220": "SIMOKERTO",
    "230": "SEMAMPIR",
    "240": "PABEAN CANTIAN",
    "250": "BUBUTAN",
    "260": "KREMBANGAN",
    "270": "ASEMROWO",
    "280": "BENOWO",
    "281": "PAKAL"
}