{
    "010": "PESANGGARAN",
    "011": "SILIRAGUNG",
    "020": "BANGOREJO",
    "030": "PURWOHARJO",
    "040": "TEGALDLIMO",
    "050": "MUNCAR",
    "060": "CLURING",
    "070": "GAMBIRAN",
    "071": "TEGALSARI",
    "080": "GLENMORE",
    "090": "KALIBARU",
    "100": "GENTENG",
    "110": "SRONO",
    "120": "ROGOJAMPI",
    "121": "BLIMBINGSARI",
    "130": "KABAT",
    "140": "SINGOJURUH",
    "150": "SEMPU",
    "160": "SONGGON",
    "170": "GLAGAH",
    "171": "LICIN",
    "180": "BANYUWANGI",
    "190": "GIRI",
    "200": "KALIPURO",
    "210": "WONGSOREJO"
}