{
    "010": "CISOKA",
    "011": "SOLEAR",
    "020": "TIGARAKSA",
    "021": "JAMBE",
    "030": "CIKUPA",
    "040": "PANONGAN",
    "050": "CURUG",
    "051": "KELAPA DUA",
    "060": "LEGOK",
    "070": "PAGEDANGAN",
    "081": "CISAUK",
    "120": "PASARKEMIS",
    "121": "SINDANG JAYA",
    "130": "BALARAJA",
    "131": "JAYANTI",
    "132": "SUKAMULYA",
    "140": "KRESEK",
    "141": "GUNUNG KALER",
    "150": "KRONJO",
    "151": "MEKAR BARU",
    "160": "MAUK",
    "161": "KEMIRI",
    "162": "SUKADIRI",
    "170": "RAJEG",
    "180": "SEPATAN",
    "181": "SEPATAN TIMUR",
    "190": "PAKUHAJI",
    "200": "TELUKNAGA",
    "210": "KOSAMBI"
}