{
    "010": "MEDAN TUNTUNGAN",
    "020": "MEDAN JOHOR",
    "030": "MEDAN AMPLAS",
    "040": "MEDAN DENAI",
    "050": "MEDAN AREA",
    "060": "MEDAN KOTA",
    "070": "MEDAN MAIMUN",
    "080": "MEDAN POLONIA",
    "090": "MEDAN BARU",
    "100": "MEDAN SELAYANG",
    "110": "MEDAN SUNGGAL",
    "120": "MEDAN HELVETIA",
    "130": "MEDAN PETISAH",
    "140": "MEDAN BARAT",
    "150": "MEDAN TIMUR",
    "160": "MEDAN PERJUANGAN",
    "170": "MEDAN TEMBUNG",
    "180": "MEDAN DELI",
    "190": "MEDAN LABUHAN",
    "200": "MEDAN MARELAN",
    "210": "MEDAN BELAWAN"
}