{
    "010": "LHOONG",
    "020": "LHOKNGA",
    "021": "LEUPUNG",
    "030": "INDRAPURI",
    "031": "KUTA COT GLIE",
    "040": "SEULIMEUM",
    "041": "KOTA JANTHO",
    "042": "LEMBAH SEULAWAH",
    "050": "MESJID RAYA",
    "060": "DARUSSALAM",
    "061": "BAITUSSALAM",
    "070": "KUTA BARO",
    "080": "MONTASIK",
    "081": "BLANG BINTANG",
    "090": "INGIN JAYA",
    "091": "KRUENG BARONA JAYA",
    "100": "SUKA MAKMUR",
    "101": "KUTA MALAKA",
    "102": "SIMPANG TIGA",
    "110": "DARUL IMARAH",
    "111": "DARUL KAMAL",
    "120": "PEUKAN BADA",
    "130": "PULO ACEH"
}