{
    "010": "TELUK BETUNG BARAT",
    "011": "TELUKBETUNG TIMUR",
    "020": "TELUK BETUNG SELATAN",
    "021": "BUMI WARAS",
    "030": "PANJANG",
    "040": "TANJUNG KARANG TIMUR",
    "041": "KEDAMAIAN",
    "050": "TELUK BETUNG UTARA",
    "060": "TANJUNG KARANG PUSAT",
    "061": "ENGGAL",
    "070": "TANJUNG KARANG BARAT",
    "071": "KEMILING",
    "072": "LANGKAPURA",
    "080": "KEDATON",
    "081": "RAJABASA",
    "082": "TANJUNG SENANG",
    "083": "LABUHAN RATU",
    "090": "SUKARAME",
    "091": "SUKABUMI",
    "092": "WAY HALIM"
}