{
    "010": "HIBALA",
    "011": "TANAH MASA",
    "020": "PULAU-PULAU BATU",
    "021": "PULAU-PULAU BATU TIMUR",
    "022": "SIMUK",
    "023": "PULAU-PULAU BATU BARAT",
    "024": "PULAU-PULAU BATU UTARA",
    "030": "TELUK DALAM",
    "031": "FANAYAMA",
    "032": "TOMA",
    "033": "MANIAMOLO",
    "034": "MAZINO",
    "035": "LUAHAGUNDRE MANIAMOLO",
    "036": "ONOLALU",
    "040": "AMANDRAYA",
    "041": "ARAMO",
    "042": "ULUSUSUA",
    "050": "LAHUSA",
    "051": "SIDUAORI",
    "052": "SOMAMBAWA",
    "060": "GOMO",
    "061": "SUSUA",
    "062": "MAZO",
    "063": "UMBUNASI",
    "064": "IDANOTAE",
    "065": "ULU IDANOTAE",
    "066": "BORONADU",
    "070": "LOLOMATUA",
    "071": "ULUNOYO",
    "072": "HURUNA",
    "080": "LOLOWA'U",
    "081": "HILIMEGAI",
    "082": "OOU",
    "083": "ONOHAZUMBA",
    "084": "HILISALAWAAHE"
}