{
    "010": "PRAMBANAN",
    "020": "GANTIWARNO",
    "030": "WEDI",
    "040": "BAYAT",
    "050": "CAWAS",
    "060": "TRUCUK",
    "070": "KALIKOTES",
    "080": "KEBONARUM",
    "090": "JOGONALAN",
    "100": "MANISRENGGO",
    "110": "KARANGNONGKO",
    "120": "NGAWEN",
    "130": "CEPER",
    "140": "PEDAN",
    "150": "KARANGDOWO",
    "160": "JUWIRING",
    "170": "WONOSARI",
    "180": "DELANGGU",
    "190": "POLANHARJO",
    "200": "KARANGANOM",
    "210": "TULUNG",
    "220": "JATINOM",
    "230": "KEMALANG",
    "710": "KLATEN SELATAN",
    "720": "KLATEN TENGAH",
    "730": "KLATEN UTARA"
}