{
    "010": "JANGKAT",
    "011": "JANGKAT TIMUR",
    "020": "MUARA SIAU",
    "021": "LEMBAH MASURAI",
    "022": "TIANG PUMPUNG",
    "030": "PAMENANG",
    "031": "PAMENANG BARAT",
    "032": "RENAH PAMENANG",
    "033": "PAMENANG SELATAN",
    "040": "BANGKO",
    "041": "BANGKO BARAT",
    "042": "NALO TANTAN",
    "043": "BATANG MASUMAI",
    "050": "SUNGAI MANAU",
    "051": "RENAH PEMBARAP",
    "052": "PANGKALAN JAMBU",
    "060": "TABIR",
    "061": "TABIR ULU",
    "062": "TABIR SELATAN",
    "063": "TABIR ILIR",
    "064": "TABIR TIMUR",
    "065": "TABIR LINTAS",
    "066": "MARGO TABIR",
    "067": "TABIR BARAT"
}