{
    "010": "CIEMAS",
    "020": "CIRACAP",
    "021": "WALURAN",
    "030": "SURADE",
    "031": "CIBITUNG",
    "040": "JAMPANG KULON",
    "041": "CIMANGGU",
    "050": "KALI BUNDER",
    "060": "TEGAL BULEUD",
    "070": "CIDOLOG",
    "080": "SAGARANTEN",
    "081": "CIDADAP",
    "082": "CURUGKEMBAR",
    "090": "PABUARAN",
    "100": "LENGKONG",
    "110": "PALABUHANRATU",
    "111": "SIMPENAN",
    "120": "WARUNG KIARA",
    "121": "BANTARGADUNG",
    "130": "JAMPANG TENGAH",
    "131": "PURABAYA",
    "140": "CIKEMBAR",
    "150": "NYALINDUNG",
    "160": "GEGER BITUNG",
    "170": "SUKARAJA",
    "171": "KEBONPEDES",
    "172": "CIREUNGHAS",
    "173": "SUKALARANG",
    "180": "SUKABUMI",
    "190": "KADUDAMPIT",
    "200": "CISAAT",
    "201": "GUNUNGGURUH",
    "210": "CIBADAK",
    "211": "CICANTAYAN",
    "212": "CARINGIN",
    "220": "NAGRAK",
    "221": "CIAMBAR",
    "230": "CICURUG",
    "240": "CIDAHU",
    "250": "PARAKAN SALAK",
    "260": "PARUNG KUDA",
    "261": "BOJONG GENTENG",
    "270": "KALAPA NUNGGAL",
    "280": "CIKIDANG",
    "290": "CISOLOK",
    "291": "CIKAKAK",
    "300": "KABANDUNGAN"
}