{
    "010": "DAYEUHLUHUR",
    "020": "WANAREJA",
    "030": "MAJENANG",
    "040": "CIMANGGU",
    "050": "KARANGPUCUNG",
    "060": "CIPARI",
    "070": "SIDAREJA",
    "080": "KEDUNGREJA",
    "090": "PATIMUAN",
    "100": "GANDRUNGMANGU",
    "110": "BANTARSARI",
    "120": "KAWUNGANTEN",
    "121": "KAMPUNG LAUT",
    "130": "JERUKLEGI",
    "140": "KESUGIHAN",
    "150": "ADIPALA",
    "160": "MAOS",
    "170": "SAMPANG",
    "180": "KROYA",
    "190": "BINANGUN",
    "200": "NUSAWUNGU",
    "710": "CILACAP SELATAN",
    "720": "CILACAP TENGAH",
    "730": "CILACAP UTARA"
}