{
    "010": "PULAU SEMBILAN",
    "020": "PULAU LAUT BARAT",
    "021": "PULAU LAUT TANJUNG SELAYAR",
    "030": "PULAU LAUT SELATAN",
    "031": "PULAU LAUT KEPULAUAN",
    "040": "PULAU LAUT TIMUR",
    "050": "PULAU SEBUKU",
    "060": "PULAU LAUT UTARA",
    "061": "PULAU LAUT TENGAH",
    "062": "PULAU LAUT SIGAM",
    "120": "KELUMPANG SELATAN",
    "121": "KELUMPANG HILIR",
    "130": "KELUMPANG HULU",
    "140": "HAMPANG",
    "150": "SUNGAI DURIAN",
    "160": "KELUMPANG TENGAH",
    "161": "KELUMPANG BARAT",
    "170": "KELUMPANG UTARA",
    "180": "PAMUKAN SELATAN",
    "190": "SAMPANAHAN",
    "200": "PAMUKAN UTARA",
    "201": "PAMUKAN BARAT"
}