{
    "010": "BOHOROK",
    "011": "SIRAPIT",
    "020": "SALAPIAN",
    "021": "KUTAMBARU",
    "030": "SEI BINGAI",
    "040": "KUALA",
    "050": "SELESAI",
    "060": "BINJAI",
    "070": "STABAT",
    "080": "WAMPU",
    "090": "BATANG SERANGAN",
    "100": "SAWIT SEBERANG",
    "110": "PADANG TUALANG",
    "120": "HINAI",
    "130": "SECANGGANG",
    "140": "TANJUNG PURA",
    "150": "GEBANG",
    "160": "BABALAN",
    "170": "SEI LEPAN",
    "180": "BRANDAN BARAT",
    "190": "BESITANG",
    "200": "PANGKALAN SUSU",
    "201": "PEMATANG JAYA"
}