{
    "010": "PADANG RATU",
    "011": "SELAGAI LINGGA",
    "012": "PUBIAN",
    "013": "ANAK TUHA",
    "014": "ANAK RATU AJI",
    "020": "KALIREJO",
    "021": "SENDANG AGUNG",
    "030": "BANGUNREJO",
    "040": "GUNUNG SUGIH",
    "041": "BEKRI",
    "042": "BUMI RATU NUBAN",
    "050": "TRIMURJO",
    "060": "PUNGGUR",
    "061": "KOTA GAJAH",
    "070": "SEPUTIH RAMAN",
    "080": "TERBANGGI BESAR",
    "081": "SEPUTIH AGUNG",
    "082": "WAY PENGUBUAN",
    "090": "TERUSAN NUNYAI",
    "100": "SEPUTIH MATARAM",
    "101": "BANDAR MATARAM",
    "110": "SEPUTIH BANYAK",
    "111": "WAY SEPUTIH",
    "120": "RUMBIA",
    "121": "BUMI NABUNG",
    "122": "PUTRA RUMBIA",
    "130": "SEPUTIH SURABAYA",
    "131": "BANDAR SURABAYA"
}