{
    "010": "BANDUNG KULON",
    "020": "BABAKAN CIPARAY",
    "030": "BOJONGLOA KALER",
    "040": "BOJONGLOA KIDUL",
    "050": "ASTANAANYAR",
    "060": "REGOL",
    "070": "LENGKONG",
    "080": "BANDUNG KIDUL",
    "090": "BUAHBATU",
    "100": "RANCASARI",
    "101": "GEDEBAGE",
    "110": "CIBIRU",
    "111": "PANYILEUKAN",
    "120": "UJUNG BERUNG",
    "121": "CINAMBO",
    "130": "ARCAMANIK",
    "141": "ANTAPANI",
    "142": "MANDALAJATI",
    "150": "KIARACONDONG",
    "160": "BATUNUNGGAL",
    "170": "SUMUR BANDUNG",
    "180": "ANDIR",
    "190": "CICENDO",
    "200": "BANDUNG WETAN",
    "210": "CIBEUNYING KIDUL",
    "220": "CIBEUNYING KALER",
    "230": "COBLONG",
    "240": "SUKAJADI",
    "250": "SUKASARI",
    "260": "CIDADAP"
}