{
    "010": "METRO KIBANG",
    "020": "BATANGHARI",
    "030": "SEKAMPUNG",
    "040": "MARGATIGA",
    "050": "SEKAMPUNG UDIK",
    "060": "JABUNG",
    "061": "PASIR SAKTI",
    "062": "WAWAY KARYA",
    "063": "MARGA SEKAMPUNG",
    "070": "LABUHAN MARINGGAI",
    "071": "MATARAM BARU",
    "072": "BANDAR SRIBHAWONO",
    "073": "MELINTING",
    "074": "GUNUNG PELINDUNG",
    "080": "WAY JEPARA",
    "081": "BRAJA SLEBAH",
    "082": "LABUHAN RATU",
    "090": "SUKADANA",
    "091": "BUMI AGUNG",
    "092": "BATANGHARI NUBAN",
    "100": "PEKALONGAN",
    "110": "RAMAN UTARA",
    "120": "PURBOLINGGO",
    "121": "WAY BUNGUR"
}