{
    "010": "SAMBOJA",
    "011": "SAMBOJA BARAT",
    "020": "MUARA JAWA",
    "030": "SANGA-SANGA",
    "040": "LOA JANAN",
    "050": "LOA KULU",
    "060": "MUARA MUNTAI",
    "070": "MUARA WIS",
    "080": "KOTA BANGUN",
    "081": "KOTA BANGUN DARAT",
    "090": "TENGGARONG",
    "100": "SEBULU",
    "110": "TENGGARONG SEBERANG",
    "120": "ANGGANA",
    "130": "MUARA BADAK",
    "140": "MARANG KAYU",
    "150": "MUARA KAMAN",
    "160": "KENOHAN",
    "170": "KEMBANG JANGGUT",
    "180": "TABANG"
}