{
    "010": "TONGKUNO",
    "011": "TONGKUNO SELATAN",
    "020": "PARIGI",
    "021": "BONE",
    "022": "MAROBO",
    "030": "KABAWO",
    "031": "KABANGKA",
    "032": "KONTUKOWUNA",
    "061": "KONTUNAGA",
    "062": "WATOPUTE",
    "070": "KATOBU",
    "071": "LOHIA",
    "072": "DURUKA",
    "073": "BATALAIWORU",
    "080": "NAPABALANO",
    "081": "LASALEPA",
    "083": "TOWEA",
    "090": "WAKORUMBA SELATAN",
    "091": "PASIR PUTIH",
    "092": "PASI KOLAGA",
    "111": "MALIGANO",
    "112": "BATUKARA"
}