{
    "010": "SILAT HILIR",
    "020": "SILAT HULU",
    "030": "HULU GURUNG",
    "040": "BUNUT HULU",
    "050": "MENTEBAH",
    "060": "BIKA",
    "070": "KALIS",
    "080": "PUTUSSIBAU SELATAN",
    "090": "EMBALOH HILIR",
    "100": "BUNUT HILIR",
    "110": "BOYAN TANJUNG",
    "120": "PENGKADAN",
    "130": "JONGKONG",
    "140": "SELIMBAU",
    "150": "SUHAID",
    "160": "SEBERUANG",
    "170": "SEMITAU",
    "180": "EMPANANG",
    "190": "PURING KENCANA",
    "200": "BADAU",
    "210": "BATANG LUPAR",
    "220": "EMBALOH HULU",
    "230": "PUTUSSIBAU UTARA"
}