{
    "010": "SAWANG",
    "020": "NISAM",
    "021": "NISAM ANTARA",
    "022": "BANDA BARO",
    "030": "KUTA MAKMUR",
    "031": "SIMPANG KERAMAT",
    "040": "SYAMTALIRA BAYU",
    "041": "GEUREUDONG PASE",
    "050": "MEURAH MULIA",
    "060": "MATANGKULI",
    "061": "PAYA BAKONG",
    "062": "PIRAK TIMU",
    "070": "COT GIREK",
    "080": "TANAH JAMBO AYE",
    "081": "LANGKAHAN",
    "090": "SEUNUDDON",
    "100": "BAKTIYA",
    "101": "BAKTIYA BARAT",
    "110": "LHOKSUKON",
    "120": "TANAH LUAS",
    "121": "NIBONG",
    "130": "SAMUDERA",
    "140": "SYAMTALIRA ARON",
    "150": "TANAH PASIR",
    "151": "LAPANG",
    "160": "MUARA BATU",
    "170": "DEWANTARA"
}