{
    "010": "TOILI",
    "011": "TOILI BARAT",
    "012": "MOILONG",
    "020": "BATUI",
    "021": "BATUI SELATAN",
    "030": "BUNTA",
    "031": "NUHON",
    "032": "SIMPANG RAYA",
    "040": "KINTOM",
    "050": "LUWUK",
    "051": "LUWUK TIMUR",
    "052": "LUWUK UTARA",
    "053": "LUWUK SELATAN",
    "054": "NAMBO",
    "060": "PAGIMANA",
    "061": "BUALEMO",
    "062": "LOBU",
    "070": "LAMALA",
    "071": "MASAMA",
    "072": "MANTOH",
    "080": "BALANTAK",
    "081": "BALANTAK SELATAN",
    "082": "BALANTAK UTARA"
}