{
    "090": "SOROPIA",
    "091": "LALONGGASUMEETO",
    "100": "SAMPARA",
    "101": "BONDOALA",
    "102": "BESULUTU",
    "103": "KAPOIALA",
    "104": "ANGGALOMOARE",
    "105": "MOROSI",
    "130": "LAMBUYA",
    "131": "UEPAI",
    "132": "PURIALA",
    "133": "ONEMBUTE",
    "140": "PONDIDAHA",
    "141": "WONGGEDUKU",
    "142": "AMONGGEDO",
    "143": "WONGGEDUKU BARAT",
    "150": "WAWOTOBI",
    "151": "MELUHU",
    "152": "KONAWE",
    "153": "ANGGOTOA",
    "170": "UNAAHA",
    "171": "ANGGABERI",
    "180": "ABUKI",
    "181": "LATOMA",
    "182": "TONGAUNA",
    "183": "ASINUA",
    "184": "PADANGGUNI",
    "185": "TONGAUNA UTARA",
    "193": "ROUTA"
}