{
    "010": "HAURGEULIS",
    "011": "GANTAR",
    "020": "KROYA",
    "030": "GABUSWETAN",
    "040": "CIKEDUNG",
    "041": "TERISI",
    "050": "LELEA",
    "060": "BANGODUA",
    "061": "TUKDANA",
    "070": "WIDASARI",
    "080": "KERTASEMAYA",
    "081": "SUKAGUMIWANG",
    "090": "KRANGKENG",
    "100": "KARANGAMPEL",
    "101": "KEDOKAN BUNDER",
    "110": "JUNTINYUAT",
    "120": "SLIYEG",
    "130": "JATIBARANG",
    "140": "BALONGAN",
    "150": "INDRAMAYU",
    "160": "SINDANG",
    "161": "CANTIGI",
    "162": "PASEKAN",
    "170": "LOHBENER",
    "171": "ARAHAN",
    "180": "LOSARANG",
    "190": "KANDANGHAUR",
    "200": "BONGAS",
    "210": "ANJATAN",
    "220": "SUKRA",
    "221": "PATROL"
}