{
    "010": "SUKORAME",
    "020": "BLULUK",
    "030": "NGIMBANG",
    "040": "SAMBENG",
    "050": "MANTUP",
    "060": "KEMBANGBAHU",
    "070": "SUGIO",
    "080": "KEDUNGPRING",
    "090": "MODO",
    "100": "BABAT",
    "110": "PUCUK",
    "120": "SUKODADI",
    "130": "LAMONGAN",
    "140": "TIKUNG",
    "141": "SARIREJO",
    "150": "DEKET",
    "160": "GLAGAH",
    "170": "KARANGBINANGUN",
    "180": "TURI",
    "190": "KALITENGAH",
    "200": "KARANG GENENG",
    "210": "SEKARAN",
    "220": "MADURAN",
    "230": "LAREN",
    "240": "SOLOKURO",
    "250": "PACIRAN",
    "260": "BRONDONG"
}