{
    "010": "BUKIT KEMUNING",
    "011": "ABUNG TINGGI",
    "020": "TANJUNG RAJA",
    "030": "ABUNG BARAT",
    "031": "ABUNG TENGAH",
    "032": "ABUNG  KUNANG",
    "033": "ABUNG PEKURUN",
    "040": "KOTABUMI",
    "041": "KOTABUMI UTARA",
    "042": "KOTABUMI SELATAN",
    "050": "ABUNG SELATAN",
    "051": "ABUNG SEMULI",
    "052": "BLAMBANGAN PAGAR",
    "060": "ABUNG TIMUR",
    "061": "ABUNG SURAKARTA",
    "070": "SUNGKAI SELATAN",
    "071": "MUARA SUNGKAI",
    "072": "BUNGA MAYANG",
    "073": "SUNGKAI  BARAT",
    "074": "SUNGKAI JAYA",
    "080": "SUNGKAI UTARA",
    "081": "HULUSUNGKAI",
    "082": "SUNGKAI TENGAH"
}