{
    "100": "SEMAU",
    "101": "SEMAU SELATAN",
    "110": "KUPANG BARAT",
    "111": "NEKAMESE",
    "120": "KUPANG TENGAH",
    "121": "TAEBENU",
    "130": "AMARASI",
    "131": "AMARASI BARAT",
    "132": "AMARASI SELATAN",
    "133": "AMARASI TIMUR",
    "140": "KUPANG TIMUR",
    "141": "AMABI OEFETO TIMUR",
    "142": "AMABI OEFETO",
    "150": "SULAMU",
    "160": "FATULEU",
    "161": "FATULEU TENGAH",
    "162": "FATULEU BARAT",
    "170": "TAKARI",
    "180": "AMFOANG SELATAN",
    "181": "AMFOANG BARAT DAYA",
    "182": "AMFOANG TENGAH",
    "190": "AMFOANG UTARA",
    "191": "AMFOANG BARAT LAUT",
    "192": "AMFOANG TIMUR"
}