{
    "010": "KABAENA",
    "011": "KABAENA UTARA",
    "012": "KABAENA SELATAN",
    "013": "KABAENA BARAT",
    "020": "KABAENA TIMUR",
    "021": "KABAENA TENGAH",
    "030": "RUMBIA",
    "031": "MATA OLEO",
    "032": "KEP. MASALOKA RAYA",
    "033": "RUMBIA TENGAH",
    "040": "RAROWATU",
    "041": "RAROWATU UTARA",
    "042": "MATA USU",
    "043": "LANTARI JAYA",
    "050": "POLEANG TIMUR",
    "051": "POLEANG UTARA",
    "052": "POLEANG SELATAN",
    "053": "POLEANG TENGGARA",
    "060": "POLEANG",
    "061": "POLEANG BARAT",
    "062": "TONTONUNU",
    "063": "POLEANG TENGAH"
}