{
    "010": "NANGGUNG",
    "020": "LEUWILIANG",
    "021": "LEUWISADENG",
    "030": "PAMIJAHAN",
    "040": "CIBUNGBULANG",
    "050": "CIAMPEA",
    "051": "TENJOLAYA",
    "060": "DRAMAGA",
    "070": "CIOMAS",
    "071": "TAMANSARI",
    "080": "CIJERUK",
    "081": "CIGOMBONG",
    "090": "CARINGIN",
    "100": "CIAWI",
    "110": "CISARUA",
    "120": "MEGAMENDUNG",
    "130": "SUKARAJA",
    "140": "BABAKAN MADANG",
    "150": "SUKAMAKMUR",
    "160": "CARIU",
    "161": "TANJUNGSARI",
    "170": "JONGGOL",
    "180": "CILEUNGSI",
    "181": "KLAPANUNGGAL",
    "190": "GUNUNG PUTRI",
    "200": "CITEUREUP",
    "210": "CIBINONG",
    "220": "BOJONG GEDE",
    "221": "TAJUR HALANG",
    "230": "KEMANG",
    "231": "RANCABUNGUR",
    "240": "PARUNG",
    "241": "CISEENG",
    "250": "GUNUNG SINDUR",
    "260": "RUMPIN",
    "270": "CIGUDEG",
    "271": "SUKAJAYA",
    "280": "JASINGA",
    "290": "TENJO",
    "300": "PARUNG PANJANG"
}