{
    "010": "AGRABINTA",
    "011": "LELES",
    "020": "SINDANGBARANG",
    "030": "CIDAUN",
    "040": "NARINGGUL",
    "050": "CIBINONG",
    "051": "CIKADU",
    "060": "TANGGEUNG",
    "061": "PASIRKUDA",
    "070": "KADUPANDAK",
    "071": "CIJATI",
    "080": "TAKOKAK",
    "090": "SUKANAGARA",
    "100": "PAGELARAN",
    "110": "CAMPAKA",
    "111": "CAMPAKAMULYA",
    "120": "CIBEBER",
    "130": "WARUNGKONDANG",
    "131": "GEKBRONG",
    "140": "CILAKU",
    "150": "SUKALUYU",
    "160": "BOJONGPICUNG",
    "161": "HAURWANGI",
    "170": "CIRANJANG",
    "180": "MANDE",
    "190": "KARANGTENGAH",
    "200": "CIANJUR",
    "210": "CUGENANG",
    "220": "PACET",
    "221": "CIPANAS",
    "230": "SUKARESMI",
    "240": "CIKALONGKULON"
}