{
    "01": "KAB. SUMBA BARAT",
    "02": "KAB. SUMBA TIMUR",
    "03": "KAB. KUPANG",
    "04": "KAB TIMOR TENGAH SELATAN",
    "05": "KAB. TIMOR TENGAH UTARA",
    "06": "KAB. BELU",
    "07": "KAB. ALOR",
    "08": "KAB. LEMBATA",
    "09": "KAB. FLORES TIMUR",
    "10": "KAB. SIKKA",
    "11": "KAB. ENDE",
    "12": "KAB. NGADA",
    "13": "KAB. MANGGARAI",
    "14": "KAB. ROTE NDAO",
    "15": "KAB. MANGGARAI BARAT",
    "16": "KAB. SUMBA TENGAH",
    "17": "KAB. SUMBA BARAT DAYA",
    "18": "KAB. NAGEKEO",
    "19": "KAB. MANGGARAI TIMUR",
    "20": "KAB. SABU RAIJUA",
    "21": "KAB. MALAKA",
    "71": "KOTA KUPANG"
}