{
    "01": "KAB. SIMEULUE",
    "02": "KAB. ACEH SINGKIL",
    "03": "KAB. ACEH SELATAN",
    "04": "KAB. ACEH TENGGARA",
    "05": "KAB. ACEH TIMUR",
    "06": "KAB. ACEH TENGAH",
    "07": "KAB. ACEH BARAT",
    "08": "KAB. ACEH BESAR",
    "09": "KAB. PIDIE",
    "10": "KAB. BIREUEN",
    "11": "KAB. ACEH UTARA",
    "12": "KAB. ACEH BARAT DAYA",
    "13": "KAB. GAYO LUES",
    "14": "KAB. ACEH TAMIANG",
    "15": "KAB. NAGAN RAYA",
    "16": "KAB. ACEH JAYA",
    "17": "KAB. BENER MERIAH",
    "18": "KAB. PIDIE JAYA",
    "71": "KOTA BANDA ACEH",
    "72": "KOTA SABANG",
    "73": "KOTA LANGSA",
    "74": "KOTA LHOKSEUMAWE",
    "75": "KOTA SUBULUSSALAM"
}