{
    "01": "KAB. CILACAP",
    "02": "KAB. BANYUMAS",
    "03": "KAB. PURBALINGGA",
    "04": "KAB. BANJARNEGARA",
    "05": "KAB. KEBUMEN",
    "06": "KAB. PURWOREJO",
    "07": "KAB. WONOSOBO",
    "08": "KAB. MAGELANG",
    "09": "KAB. BOYOLALI",
    "10": "KAB. KLATEN",
    "11": "KAB. SUKOHARJO",
    "12": "KAB. WONOGIRI",
    "13": "KAB. KARANGANYAR",
    "14": "KAB. SRAGEN",
    "15": "KAB. GROBOGAN",
    "16": "KAB. BLORA",
    "17": "KAB. REMBANG",
    "18": "KAB. PATI",
    "19": "KAB. KUDUS",
    "20": "KAB. JEPARA",
    "21": "KAB. DEMAK",
    "22": "KAB. SEMARANG",
    "23": "KAB. TEMANGGUNG",
    "24": "KAB. KENDAL",
    "25": "KAB. BATANG",
    "26": "KAB. PEKALONGAN",
    "27": "KAB. PEMALANG",
    "28": "KAB. TEGAL",
    "29": "KAB. BREBES",
    "71": "KOTA MAGELANG",
    "72": "KOTA SURAKARTA",
    "73": "KOTA SALATIGA",
    "74": "KOTA SEMARANG",
    "75": "KOTA PEKALONGAN",
    "76": "KOTA TEGAL"
}