{
    "01": "KAB. PACITAN",
    "02": "KAB. PONOROGO",
    "03": "KAB. TRENGGALEK",
    "04": "KAB. TULUNGAGUNG",
    "05": "KAB. BLITAR",
    "06": "KAB. KEDIRI",
    "07": "KAB. MALANG",
    "08": "KAB. LUMAJANG",
    "09": "KAB. JEMBER",
    "10": "KAB. BANYUWANGI",
    "11": "KAB. BONDOWOSO",
    "12": "KAB. SITUBONDO",
    "13": "KAB. PROBOLINGGO",
    "14": "KAB. PASURUAN",
    "15": "KAB. SIDOARJO",
    "16": "KAB. MOJOKERTO",
    "17": "KAB. JOMBANG",
    "18": "KAB. NGANJUK",
    "19": "KAB. MADIUN",
    "20": "KAB. MAGETAN",
    "21": "KAB. NGAWI",
    "22": "KAB. BOJONEGORO",
    "23": "KAB. TUBAN",
    "24": "KAB. LAMONGAN",
    "25": "KAB. GRESIK",
    "26": "KAB. BANGKALAN",
    "27": "KAB. SAMPANG",
    "28": "KAB. PAMEKASAN",
    "29": "KAB. SUMENEP",
    "71": "KOTA KEDIRI",
    "72": "KOTA BLITAR",
    "73": "KOTA MALANG",
    "74": "KOTA PROBOLINGGO",
    "75": "KOTA PASURUAN",
    "76": "KOTA MOJOKERTO",
    "77": "KOTA MADIUN",
    "78": "KOTA SURABAYA",
    "79": "KOTA BATU"
}