{
    "01": "KAB. KEPULAUAN MENTAWAI",
    "02": "KAB. PESISIR SELATAN",
    "03": "KAB. SOLOK",
    "04": "KAB. SIJUNJUNG",
    "05": "KAB. TANAH DATAR",
    "06": "KAB. PADANG PARIAMAN",
    "07": "KAB. AGAM",
    "08": "KAB. LIMA PULUH KOTA",
    "09": "KAB. PASAMAN",
    "10": "KAB. SOLOK SELATAN",
    "11": "KAB. DHARMASRAYA",
    "12": "KAB. PASAMAN BARAT",
    "71": "KOTA PADANG",
    "72": "KOTA SOLOK",
    "73": "KOTA SAWAHLUNTO",
    "74": "KOTA PADANG PANJANG",
    "75": "KOTA BUKITTINGGI",
    "76": "KOTA PAYAKUMBUH",
    "77": "KOTA PARIAMAN"
}