{
    "01": "KAB. OGAN KOMERING ULU",
    "02": "KAB. OGAN KOMERING ILIR",
    "03": "KAB. MUARA ENIM",
    "04": "KAB. LAHAT",
    "05": "KAB. MUSI RAWAS",
    "06": "KAB. MUSI BANYUASIN",
    "07": "KAB. BANYUASIN",
    "08": "KAB. OGAN KOMERING ULU\nSELATAN",
    "09": "KAB. OGAN KOMERING ULU TIMUR",
    "10": "KAB. OGAN ILIR",
    "11": "KAB. EMPAT LAWANG",
    "12": "KAB. PENUKAL ABAB LEMATANG\nILIR",
    "13": "KAB. MUSI RAWAS UTARA",
    "71": "KOTA PALEMBANG",
    "72": "KOTA PRABUMULIH",
    "73": "KOTA PAGAR ALAM",
    "74": "KOTA LUBUK LINGGAU"
}