{
    "01": "KAB. BOLAANG MONGONDOW",
    "02": "KAB. MINAHASA",
    "03": "KAB. KEPULAUAN SANGIHE",
    "04": "KAB. KEPULAUAN TALAUD",
    "05": "KAB. MINAHASA SELATAN",
    "06": "KAB. MINAHASA UTARA",
    "07": "KAB. BOLAANG MONGONDOW UTARA",
    "08": "KAB. KEP. SIAU TAGULANDANG BIARO",
    "09": "KAB. MINAHASA TENGGARA",
    "10": "KAB. BOLAANG MONGONDOW SELATAN",
    "11": "KAB. BOLAANG MONGONDOW TIMUR",
    "71": "KOTA MANADO",
    "72": "KOTA BITUNG",
    "73": "KOTA TOMOHON",
    "74": "KOTA KOTAMOBAGU"
}