{
    "01": "KAB. NIAS",
    "02": "KAB. MANDAILING NATAL",
    "03": "KAB. TAPANULI SELATAN",
    "04": "KAB. TAPANULI TENGAH",
    "05": "KAB. TAPANULI UTARA",
    "06": "KAB. TOBA",
    "07": "KAB. LABUHANBATU",
    "08": "KAB. ASAHAN",
    "09": "KAB. SIMALUNGUN",
    "10": "KAB. DAIRI",
    "11": "KAB. KARO",
    "12": "KAB. DELI SERDANG",
    "13": "KAB. LANGKAT",
    "14": "KAB. NIAS SELATAN",
    "15": "KAB. HUMBANG HASUNDUTAN",
    "16": "KAB. PAKPAK BHARAT",
    "17": "KAB. SAMOSIR",
    "18": "KAB. SERDANG BEDAGAI",
    "19": "KAB. BATU BARA",
    "20": "KAB. PADANG LAWAS UTARA",
    "21": "KAB. PADANG LAWAS",
    "22": "KAB. LABUHANBATU SELATAN",
    "23": "KAB. LABUHANBATU UTARA",
    "24": "KAB. NIAS UTARA",
    "25": "KAB. NIAS BARAT",
    "71": "KOTA SIBOLGA",
    "72": "KOTA TANJUNG BALAI",
    "73": "KOTA PEMATANGSIANTAR",
    "74": "KOTA TEBING TINGGI",
    "75": "KOTA MEDAN",
    "76": "KOTA BINJAI",
    "77": "KOTA PADANG SIDEMPUAN",
    "78": "KOTA GUNUNGSITOLI"
}