{
    "01": "KAB. BOGOR",
    "02": "KAB. SUKABUMI",
    "03": "KAB. CIANJUR",
    "04": "KAB. BANDUNG",
    "05": "KAB. GARUT",
    "06": "KAB. TASIKMALAYA",
    "07": "KAB. CIAMIS",
    "08": "KAB. KUNINGAN",
    "09": "KAB. CIREBON",
    "10": "KAB. MAJALENGKA",
    "11": "KAB. SUMEDANG",
    "12": "KAB. INDRAMAYU",
    "13": "KAB. SUBANG",
    "14": "KAB. PURWAKARTA",
    "15": "KAB. KARAWANG",
    "16": "KAB. BEKASI",
    "17": "KAB. BANDUNG BARAT",
    "18": "KAB. PANGANDARAN",
    "71": "KOTA BOGOR",
    "72": "KOTA SUKABUMI",
    "73": "KOTA BANDUNG",
    "74": "KOTA CIREBON",
    "75": "KOTA BEKASI",
    "76": "KOTA DEPOK",
    "77": "KOTA CIMAHI",
    "78": "KOTA TASIKMALAYA",
    "79": "KOTA BANJAR"
}