{
    "01": "KAB. KEPULAUAN SELAYAR",
    "02": "KAB. BULUKUMBA",
    "03": "KAB. BANTAENG",
    "04": "KAB. JENEPONTO",
    "05": "KAB. TAKALAR",
    "06": "KAB. GOWA",
    "07": "KAB. SINJAI",
    "08": "KAB. MAROS",
    "09": "KAB. PANGKAJENE DAN KEPULAUAN",
    "10": "KAB. BARRU",
    "11": "KAB. BONE",
    "12": "KAB. SOPPENG",
    "13": "KAB. WAJO",
    "14": "KAB. SIDENRENG RAPPANG",
    "15": "KAB. PINRANG",
    "16": "KAB. ENREKANG",
    "17": "KAB. LUWU",
    "18": "KAB. TANA TORAJA",
    "22": "KAB. LUWU UTARA",
    "25": "KAB. LUWU TIMUR",
    "26": "KAB. TORAJA UTARA",
    "71": "KOTA MAKASSAR",
    "72": "KOTA PAREPARE",
    "73": "KOTA PALOPO"
}